date,revenue_eur
2025-01-01,15.611
2025-01-02,255.8285
2025-01-03,56.542
2025-01-04,70.33649999999999
2025-01-05,119.22449999999998
2025-01-06,46.87049999999999
2025-01-07,157.429
2025-01-08,138.63649999999998
2025-01-09,89.46549999999999
2025-01-10,104.738
2025-01-11,29.339000000000013
2025-01-12,79.44199999999998
2025-01-13,143.88849999999996
2025-01-14,103.91499999999999
2025-01-15,389.02349999999996
2025-01-16,101.74849999999998
2025-01-17,99.64249999999996
2025-01-18,53.63699999999997
2025-01-19,48.53399999999996
2025-01-20,668.318
2025-01-21,242.71799999999996
2025-01-22,144.1115
2025-01-23,134.7725
2025-01-24,105.9315
2025-01-25,131.16049999999998
2025-01-26,146.993
2025-01-27,177.4755
2025-01-28,130.77499999999998
2025-01-29,100.91099999999999
2025-01-30,118.55900000000003
2025-01-31,87.26899999999995
2025-02-01,71.72299999999998
2025-02-02,66.174
2025-02-03,157.78549999999998
2025-02-04,113.53549999999998
2025-02-05,105.02049999999997
2025-02-06,92.63349999999998
2025-02-07,68.6645
2025-02-08,136.8915
2025-02-09,76.11100000000002
2025-02-10,116.60900000000001
2025-02-11,142.57399999999998
2025-02-12,77.83499999999998
2025-02-13,101.70850000000002
2025-02-14,247.02450000000002
2025-02-15,66.14099999999996
2025-02-16,42.38949999999997
2025-02-17,203.58199999999997
2025-02-18,141.579
2025-02-19,104.2295
2025-02-20,47.68549999999999
2025-02-21,118.0835
2025-02-22,108.426
2025-02-23,128.62900000000002
2025-02-24,165.462
2025-02-25,194.357
2025-02-26,67.15599999999996
2025-02-27,87.16799999999998
2025-02-28,59.101
2025-03-01,66.27050000000003
2025-03-02,239.8415
2025-03-03,305.558
2025-03-04,263.0805
2025-03-05,256.282
2025-03-06,269.078
2025-03-07,315.152
2025-03-08,272.1255
2025-03-09,235.55949999999999
2025-03-10,131.546
2025-03-11,134.15449999999996
2025-03-12,127.184
2025-03-13,93.53200000000004
2025-03-14,55.544000000000025
2025-03-15,121.26100000000001
2025-03-16,229.014
2025-03-17,236.1105
2025-03-18,289.3745
2025-03-19,399.01800000000003
2025-03-20,452.75199999999995
2025-03-21,257.8195
2025-03-22,124.553
2025-03-23,226.0165
2025-03-24,144.55149999999998
2025-03-25,140.695
2025-03-26,106.51899999999995
2025-03-27,247.83
2025-03-28,282.1465
2025-03-29,248.26049999999998
2025-03-30,155.989
2025-03-31,176.8015
2025-04-01,265.9705
2025-04-02,275.39099999999996
2025-04-03,291.5625
2025-04-04,298.1585
2025-04-05,279.6905
2025-04-06,445.671
2025-04-07,286.62699999999995
2025-04-08,270.4075
2025-04-09,259.014
2025-04-10,263.09849999999994
2025-04-11,253.74
2025-04-12,312.3575
2025-04-13,247.08100000000002
2025-04-14,158.2355
2025-04-15,233.772
2025-04-16,193.20999999999998
2025-04-17,64.74999999999999
2025-04-18,85.80399999999999
2025-04-19,239.8295
2025-04-20,332.6035
2025-04-21,213.214
2025-04-22,248.06199999999995
2025-04-23,100.44449999999998
2025-04-24,47.342
2025-04-25,114.78449999999998
2025-04-26,201.91000000000003
2025-04-27,446.221
2025-04-28,305.0835
2025-04-29,270.96299999999997
2025-04-30,269.99
2025-05-01,498.2125
2025-05-02,237.894
2025-05-03,168.20749999999998
2025-05-04,195.183
2025-05-05,114.89199999999998
2025-05-06,172.13299999999998
2025-05-07,119.08499999999998
2025-05-08,151.02100000000002
2025-05-09,247.39049999999997
2025-05-10,473.8265
2025-05-11,686.9745
2025-05-12,331.8935
2025-05-13,341.0025
2025-05-14,309.114
2025-05-15,246.49949999999998
2025-05-16,258.539
2025-05-17,242.3835
2025-05-18,241.26399999999998
2025-05-19,313.3745
2025-05-20,289.937
2025-05-21,199.98649999999998
2025-05-22,236.1905
2025-05-23,231.2765
2025-05-24,189.22799999999998
2025-05-25,188.194
2025-05-26,284.354
2025-05-27,221.154
2025-05-28,138.219
2025-05-29,168.8105
2025-05-30,246.51399999999995
2025-05-31,347.932
2025-06-01,216.8915
2025-06-02,351.308
2025-06-03,231.43099999999998
2025-06-04,260.05549999999994
2025-06-05,207.5155
2025-06-06,226.77849999999998
2025-06-07,188.026
2025-06-08,255.934
2025-06-09,281.437
2025-06-10,167.427
2025-06-11,343.25
2025-06-12,263.1925
2025-06-13,199.17649999999998
2025-06-14,285.217
2025-06-15,234.21099999999998
2025-06-16,319.685
2025-06-17,421.813
2025-06-18,273.3335
2025-06-19,368.9425
2025-06-20,324.102
2025-06-21,330.024
2025-06-22,401.5625
2025-06-23,226.957
2025-06-24,252.2715
2025-06-25,380.617
2025-06-26,104.621
2025-06-27,204.253
2025-06-28,212.245
2025-06-29,241.14
2025-06-30,414.962
2025-07-01,663.54
2025-07-02,293.45799999999997
2025-07-03,207.9555
2025-07-04,241.644
2025-07-05,208.45499999999998
2025-07-06,194.0525
2025-07-07,148.38599999999997
2025-07-08,101.50349999999999
2025-07-09,148.073
2025-07-10,148.20449999999997
2025-07-11,130.103
2025-07-12,212.517
2025-07-13,216.44400000000002
2025-07-14,126.356
2025-07-15,141.0095
2025-07-16,75.02749999999997
2025-07-17,113.46949999999998
2025-07-18,103.4615
2025-07-19,193.249
2025-07-20,196.36849999999998
2025-07-21,51.43949999999998
2025-07-22,187.583
2025-07-23,147.262
2025-07-24,88.09999999999997
2025-07-25,44.02599999999998
2025-07-26,111.70699999999998
2025-07-27,165.37099999999998
2025-07-28,61.989000000000004
2025-07-29,206.7245
2025-07-30,156.96949999999998
2025-07-31,132.26299999999998
2025-08-01,103.06899999999999
2025-08-02,185.2235
2025-08-03,185.8745
2025-08-04,172.856
2025-08-05,191.24
2025-08-06,298.414
2025-08-07,231.304
2025-08-08,251.74049999999997
2025-08-09,240.4005
2025-08-10,317.21
2025-08-11,294.0575
2025-08-12,251.49949999999998
2025-08-13,287.399
2025-08-14,344.9265
2025-08-15,202.63150000000002
2025-08-16,172.7655
2025-08-17,189.86
2025-08-18,292.912
2025-08-19,187.5305
2025-08-20,145.041
2025-08-21,75.26649999999998
2025-08-22,183.6755
2025-08-23,207.35500000000002
2025-08-24,211.7355
2025-08-25,320.36249999999995
2025-08-26,256.16249999999997
2025-08-27,275.8735
2025-08-28,140.2425
2025-08-29,115.10950000000001
2025-08-30,218.8825
2025-08-31,228.7045
2025-09-01,328.7285
2025-09-02,331.525
2025-09-03,190.151
2025-09-04,476.937
2025-09-05,117.12799999999999
2025-09-06,255.09049999999996
2025-09-07,277.2575
2025-09-08,487.66299999999995
2025-09-09,412.24
2025-09-10,250.07299999999998
2025-09-11,220.25150000000002
2025-09-12,276.31
2025-09-13,204.5895
2025-09-14,237.41499999999996
2025-09-15,119.97399999999999
2025-09-16,221.935
2025-09-17,207.805
2025-09-18,223.4735
2025-09-19,564.7825
2025-09-20,236.838
2025-09-21,206.8285
2025-09-22,88.88199999999998
2025-09-23,136.39600000000002
2025-09-24,182.131
2025-09-25,175.7325
2025-09-26,71.83950000000002
2025-09-27,155.01600000000002
2025-09-28,207.11149999999998
2025-09-29,447.22549999999995
2025-09-30,381.16349999999994
2025-10-01,369.81549999999993
2025-10-02,177.9705
2025-10-03,167.6945
2025-10-04,8.349
2025-10-05,56.087999999999994
2025-10-06,244.2735
2025-10-07,259.4255
2025-10-08,150.84849999999997
2025-10-09,84.11500000000001
2025-10-10,56.065
2025-10-11,120.31849999999996
2025-10-12,82.7145
2025-10-13,341.49199999999996
2025-10-14,491.95449999999994
2025-10-15,285.31899999999996
2025-10-16,67.89599999999999
2025-10-17,59.670500000000004
2025-10-18,79.521
2025-10-19,126.82599999999998
2025-10-20,106.78699999999999
2025-10-21,153.413
2025-10-22,318.394
2025-10-23,65.794
2025-10-24,137.227
2025-10-25,99.05199999999999
2025-10-26,66.5075
2025-10-27,202.784
2025-10-28,163.399
2025-10-29,109.162
2025-10-30,200.2855
2025-10-31,78.57050000000001
2025-11-01,124.2125
2025-11-02,101.79799999999999
2025-11-03,107.49100000000001
2025-11-04,206.853
2025-11-05,121.39999999999998
2025-11-06,88.80599999999998
2025-11-07,114.49100000000001
2025-11-08,42.76249999999999
2025-11-09,34.96999999999997
2025-11-10,85.80299999999997
2025-11-11,93.01049999999998
2025-11-12,78.6055
2025-11-13,208.83499999999998
2025-11-14,63.348999999999975
2025-11-15,68.04199999999999
2025-11-16,44.192999999999984
2025-11-17,65.96799999999999
2025-11-18,94.38100000000001
2025-11-19,57.24399999999997
2025-11-20,124.77499999999998
2025-11-21,246.128
2025-11-22,38.50349999999999
2025-11-23,18.468999999999994
2025-11-24,277.6395
2025-11-25,421.97349999999994
2025-11-26,322.87149999999997
2025-11-27,61.535
2025-11-28,76.0495
2025-11-29,19.808499999999995
2025-11-30,46.42899999999999
2025-12-01,79.3615
2025-12-02,172.339
2025-12-03,303.80750000000006
2025-12-04,87.45249999999999
2025-12-05,138.59449999999998
2025-12-06,32.54350000000001
2025-12-07,87.91549999999998
2025-12-08,162.60199999999998
2025-12-09,76.71649999999998
2025-12-10,112.70450000000001
2025-12-11,49.65350000000001
2025-12-12,78.47200000000001
2025-12-13,42.15599999999999
2025-12-14,22.238
2025-12-15,41.85599999999998
2025-12-16,113.73349999999996
2025-12-17,53.88549999999999
2025-12-18,128.09449999999998
2025-12-19,174.59300000000002
2025-12-20,38.36549999999998
2025-12-21,29.741500000000002
2025-12-22,43.60949999999998
2025-12-23,26.876999999999995
2025-12-24,38.7855
2025-12-25,65.3185
2025-12-26,37.123999999999995
2025-12-27,32.266000000000005
2025-12-28,35.156000000000006
2025-12-29,25.716499999999996
2025-12-30,48.95549999999999
2025-12-31,33.60549999999998
